-	af	-	none	!	-	-	-	foreign	-
-	al.	-	none	-	-	-	-	abbr|foreign	-
-	also	-	none	-	-	-	-	foreign	-
-	am	-	none	!	-	-	-	foreign	-
-	an	-	none	!	-	-	-	foreign	-
-	and	-	none	!	-	-	-	foreign	-
-	as	-	none	!	-	-	-	foreign	-
-	at	-	none	!	-	-	-	foreign	-
-	att	-	none	-	-	-	-	foreign	-
-	auf	-	none	-	-	-	-	foreign	-
-	av	-	none	-	-	-	-	foreign	-
-	bin	-	none	!	-	-	-	foreign	-
-	but	-	none	-	-	-	-	foreign	-
-	by	-	none	!	-	-	-	foreign	-
-	con	-	none	!	-	-	-	foreign	-
-	costa	-	none	!	-	-	-	foreign	-
-	cum	-	none	!	-	-	-	foreign	-
-	d.o.o.	-	none	-	-	-	-	abbr|foreign	-
-	da	-	none	!	-	-	-	foreign	-
-	das	-	none	!	-	-	-	foreign	-
-	de	-	none	!	-	-	-	foreign	-
-	degli	-	none	!	-	-	-	foreign	-
-	dei	-	none	!	-	-	-	foreign	-
-	del	-	none	!	-	-	-	foreign	-
-	della	-	none	!	-	-	-	foreign	-
-	dello	-	none	!	-	-	-	foreign	-
-	den	-	none	!	-	-	-	foreign	-
-	der	-	none	!	-	-	-	foreign	-
-	des	-	none	!	-	-	-	foreign	-
-	det	-	none	-	-	-	-	foreign	-
-	de’	-	none	!	-	-	-	foreign	-
-	di	-	none	!	-	-	-	foreign	-
-	die	-	none	!	-	-	-	foreign	-
-	din	-	none	-	-	-	-	foreign	-
-	dina	-	none	-	-	-	-	foreign	-
-	ditt	-	none	-	-	-	-	foreign	-
-	do	-	none	!	-	-	-	foreign	-
-	don	-	none	!	-	-	-	foreign	-
-	dos	-	none	!	-	-	-	foreign	-
-	du	-	none	!	-	-	-	foreign	-
-	e.g.	-	none	-	-	-	-	abbr|foreign	-
-	ein	-	none	-	-	-	-	foreign	-
-	eine	-	none	-	-	-	-	foreign	-
-	einem	-	none	-	-	-	-	foreign	-
-	einen	-	none	-	-	-	-	foreign	-
-	einer	-	none	-	-	-	-	foreign	-
-	eines	-	none	-	-	-	-	foreign	-
-	el	-	none	!	-	-	-	foreign	-
-	en	-	none	!	-	-	-	foreign	-
-	etc.	-	none	-	-	-	-	abbr|foreign	-
-	ett	-	none	!	-	-	-	foreign	-
-	for	-	none	!	-	-	-	foreign	-
-	from	-	none	!	-	-	-	foreign	-
-	från	-	none	!	-	-	-	foreign	-
-	för	-	none	-	-	-	-	foreign	-
-	genom	-	none	-	-	-	-	foreign	-
-	had	-	none	-	-	-	-	foreign	-
-	has	-	none	-	-	-	-	foreign	-
-	have	-	none	-	-	-	-	foreign	-
-	hl.	-	none	-	-	-	-	abbr|foreign	-
-	i	-	none	-	-	-	-	foreign	-
-	ibn	-	none	!	-	-	-	foreign	-
-	ifrån	-	none	!	-	-	-	foreign	-
-	im	-	none	!	-	-	-	foreign	-
-	in	-	none	!	-	-	-	foreign	-
-	into	-	none	!	-	-	-	foreign	-
-	is	-	none	!	-	-	-	foreign	-
-	la	-	none	!	-	-	-	foreign	-
-	las	-	none	!	-	-	-	foreign	-
-	le	-	none	!	-	-	-	foreign	-
-	les	-	none	!	-	-	-	foreign	-
-	los	-	none	!	-	-	-	foreign	-
-	min	-	none	-	-	-	-	foreign	-
-	mina	-	none	-	-	-	-	foreign	-
-	mitt	-	none	-	-	-	-	foreign	-
-	my	-	none	!	-	-	-	foreign	-
-	no	-	none	-	-	-	-	foreign	-
-	non	-	none	!	-	-	-	foreign	-
-	not	-	none	!	-	-	-	foreign	-
-	och	-	none	!	-	-	-	foreign	-
-	of	-	none	!	-	-	-	foreign	-
-	om	-	none	-	-	-	-	foreign	-
-	on	-	none	!	-	-	-	foreign	-
-	online	-	none	-	-	-	-	foreign	-
-	onto	-	none	!	-	-	-	foreign	-
-	or	-	none	!	-	-	-	foreign	-
-	os	-	none	!	-	-	-	foreign	-
-	pour	-	none	!	-	-	-	foreign	-
-	på	-	none	-	-	-	-	foreign	-
-	san	-	none	!	-	-	-	foreign	-
-	sin	-	none	!	-	-	-	foreign	-
-	sine	-	none	!	-	-	-	foreign	-
-	than	-	none	!	-	-	-	foreign	-
-	the	-	none	!	-	-	-	foreign	-
-	till	-	none	!	-	-	-	foreign	-
-	und	-	none	!	-	-	-	foreign	-
-	under	-	none	-	-	-	-	foreign	-
-	up	-	none	!	-	-	-	foreign	-
-	van	-	none	!	-	-	-	foreign	-
-	via	-	none	!	-	-	-	foreign	-
-	von	-	none	!	-	-	-	foreign	-
-	were	-	none	-	-	-	-	foreign	-
-	with	-	none	!	-	-	-	foreign	-
-	your	-	none	!	-	-	-	foreign	-
-	zu	-	none	-	-	-	-	foreign	-
-	zum	-	none	-	-	-	-	foreign	-
-	zur	-	none	-	-	-	-	foreign	-
-	åt	-	none	!	-	-	-	foreign	-
-	öfver	-	none	-	-	-	-	foreign	-
-	över	-	none	-	-	-	-	foreign	-
-	AC	-	noun	?18B	-	-	-	foreign	-
-	About	-	noun	5	-	-	-	foreign	-
-	Academy	-	noun	1	-	-	-	foreign	-
-	Act	-	noun	5	-	-	-	foreign	-
-	Action	-	noun	6	-	-	-	foreign	-
-	Administration	-	noun	5	-	-	-	foreign	-
-	Adventure	-	noun	8	-	-	-	foreign	-
-	Adventures	-	noun	5	-	-	-	foreign	-
-	Affair	-	noun	5	-	-	-	foreign	-
-	Affairs	-	noun	5	-	-	-	foreign	-
-	Africa	-	noun	13	-	-	-	foreign	-
-	African	-	noun	6	-	-	-	foreign	-
-	After	-	noun	6	-	-	-	foreign	-
-	Again	-	noun	5	-	-	-	foreign	-
-	Age	-	noun	8	-	-	-	foreign	-
-	Agency	-	noun	2	-	-	-	foreign	-
-	Agent	-	noun	5	-	-	-	foreign	-
-	Agents	-	noun	5	-	-	-	foreign	-
-	Airlines	-	noun	5	-	-	-	foreign	-
-	Airways	-	noun	5	-	-	-	foreign	-
-	Akademi	-	noun	5	-	-	-	foreign	-
-	Alliance	-	noun	8	-	-	-	foreign	-
-	Amateur	-	noun	5	-	-	-	foreign	-
-	Amen	-	noun	6	-	-	-	foreign	-
-	America	-	noun	13	-	-	-	foreign	-
-	American	-	noun	6	-	-	-	foreign	-
-	Analysis	-	noun	5	-	-	-	foreign	-
-	Animal	-	noun	6	-	-	-	foreign	-
-	Anything	-	noun	5	-	-	-	foreign	-
-	Aqua	-	noun	10|12	-	-	-	foreign	-
-	Arab	-	noun	5	-	-	-	foreign	-
-	Arabic	-	noun	5	-	-	-	foreign	-
-	Arcade	-	noun	8	-	-	-	foreign	-
-	Archive	-	noun	8	-	-	-	foreign	-
-	Arctic	-	noun	5	-	-	-	foreign	-
-	Arena	-	noun	13	-	-	-	foreign	-
-	Army	-	noun	1	-	-	-	foreign	-
-	Ars	-	noun	5	-	-	-	foreign	-
-	Art	-	noun	5	-	-	-	foreign	-
-	Asia	-	noun	9	-	-	-	foreign	-
-	Asian	-	noun	5	-	-	-	foreign	-
-	Ass	-	noun	5	-	-	-	foreign	-
-	Assembly	-	noun	1	-	-	-	foreign	-
-	Association	-	noun	5	-	-	-	foreign	-
-	Atheism	-	noun	5	-	-	-	foreign	-
-	Athletic	-	noun	5	-	-	-	foreign	-
-	Atlantic	-	noun	5	-	-	-	foreign	-
-	Australian	-	noun	5	-	-	-	foreign	-
-	Authority	-	noun	2	-	-	-	foreign	-
-	Automotive	-	noun	8	-	-	-	foreign	-
-	Autovía	-	noun	9	-	-	-	foreign	-
-	Avalanche	-	noun	8	-	-	-	foreign	-
-	Avenida	-	noun	9	-	-	-	foreign	-
-	Aviation	-	noun	5	-	-	-	foreign	-
-	Award	-	noun	5	-	-	-	foreign	-
-	Awards	-	noun	5	-	-	-	foreign	-
-	Azure	-	noun	8	-	-	-	foreign	-
-	B&B	-	noun	?18B	-	-	-	foreign	-
-	Back	-	noun	5	-	-	-	foreign	-
-	Background	-	noun	5	-	-	-	foreign	-
-	Backstory	-	noun	1	-	-	-	foreign	-
-	Ball	-	noun	5	-	-	-	foreign	-
-	Balls	-	noun	5	-	-	-	foreign	-
-	Baltica	-	noun	9	-	-	-	foreign	-
-	Band	-	noun	5	-	-	-	foreign	-
-	Bank	-	noun	5	-	-	-	foreign	-
-	Baptist	-	noun	5	-	-	-	foreign	-
-	Basket	-	noun	5	-	-	-	foreign	-
-	Bay	-	noun	21	-	-	i|y	foreign	-
-	Beach	-	noun	5	-	-	-	foreign	-
-	Beauty	-	noun	1	-	-	-	foreign	-
-	Berlin	-	noun	5	-	-	-	foreign	-
-	Best	-	noun	5	-	-	-	foreign	-
-	Beyond	-	noun	5	-	-	-	foreign	-
-	Bien	-	noun	5	-	-	-	foreign	-
-	Big	-	noun	5	-	-	-	foreign	-
-	Billboard	-	noun	5	-	-	-	foreign	-
-	Billion	-	noun	6	-	-	-	foreign	-
-	Bin	-	noun	5	-	-	-	foreign	-
-	Biology	-	noun	1	-	-	-	foreign	-
-	Bitch	-	noun	5	-	-	-	foreign	-
-	Black	-	noun	5	-	-	-	foreign	-
-	Blind	-	noun	5	-	-	-	foreign	-
-	Block	-	noun	5	-	-	-	foreign	-
-	Blood	-	noun	5	-	-	-	foreign	-
-	Blue	-	noun	8	-	-	-	foreign	-
-	Board	-	noun	5	-	-	-	foreign	-
-	Bon	-	noun	5	-	-	-	foreign	-
-	Bonbon	-	noun	6	-	-	-	foreign	-
-	Bone	-	noun	8	-	-	-	foreign	-
-	Book	-	noun	5	-	-	-	foreign	-
-	Books	-	noun	5	-	-	-	foreign	-
-	Bottom	-	noun	5	-	-	-	foreign	-
-	Box	-	noun	5	-	-	-	foreign	-
-	Boxer	-	noun	6	-	-	-	foreign	-
-	Boxing	-	noun	5	-	-	-	foreign	-
-	Boys	-	noun	5	-	-	-	foreign	-
-	Brain	-	noun	5	-	-	-	foreign	-
-	Branch	-	noun	5	-	-	-	foreign	-
-	Brick	-	noun	5	-	-	-	foreign	-
-	Britain	-	noun	5	-	-	-	foreign	-
-	British	-	noun	5	-	-	-	foreign	-
-	Broadcasting	-	noun	5	-	-	-	foreign	-
-	Broken	-	noun	6	-	-	-	foreign	-
-	Brother	-	noun	6	-	-	-	foreign	-
-	Brothers	-	noun	5	-	-	-	foreign	-
-	Browser	-	noun	6	-	-	-	foreign	-
-	Bruins	-	noun	5	-	-	-	foreign	-
-	Buen	-	noun	5	-	-	-	foreign	-
-	Bulls	-	noun	5	-	-	-	foreign	-
-	Bureau	-	noun	21	-	-	-	foreign	-
-	Burger	-	noun	6	-	-	-	foreign	-
-	Burgers	-	noun	5	-	-	-	foreign	-
-	Burj	-	noun	5	-	-	-	foreign	-
-	Cabinet	-	noun	5	-	-	-	foreign	-
-	Café	-	noun	21	-	-	-	foreign	-
-	Calle	-	noun	8	-	-	-	foreign	-
-	Can	-	noun	5	-	-	-	foreign	-
-	Canada	-	noun	10|12	-	-	-	foreign	-
-	Canadian	-	noun	5	-	-	-	foreign	-
-	Canon	-	noun	6	-	-	-	foreign	-
-	Cap	-	noun	5	-	-	-	foreign	-
-	Cape	-	noun	8	-	-	-	foreign	-
-	Captain	-	noun	5	-	-	-	foreign	-
-	Carbon	-	noun	6	-	-	-	foreign	-
-	Care	-	noun	8	-	-	-	foreign	-
-	Caribbean	-	noun	5	-	-	-	foreign	-
-	Cat	-	noun	5	-	-	-	foreign	-
-	Cats	-	noun	5	-	-	-	foreign	-
-	Cavaliers	-	noun	5	-	-	-	foreign	-
-	Center	-	noun	6	-	-	-	foreign	-
-	Central	-	noun	6	-	-	-	foreign	-
-	Centre	-	noun	8	-	-	-	foreign	-
-	Century	-	noun	2	-	-	-	foreign	-
-	Champion	-	noun	5	-	-	-	foreign	-
-	Channel	-	noun	6	-	-	-	foreign	-
-	Chemistry	-	noun	1	-	-	-	foreign	-
-	Chicken	-	noun	6	-	-	-	foreign	-
-	Children	-	noun	6	-	-	-	foreign	-
-	China	-	noun	9	-	-	-	foreign	-
-	Chinatown	-	noun	5	-	-	-	foreign	-
-	Chinese	-	noun	8	-	-	-	foreign	-
-	Chip	-	noun	5	-	-	-	foreign	-
-	Christian	-	noun	5	-	-	-	foreign	-
-	Christianity	-	noun	1	-	-	-	foreign	-
-	Chronicle	-	noun	8	-	-	-	foreign	-
-	Chronicles	-	noun	5	-	-	-	foreign	-
-	Church	-	noun	5	-	-	-	foreign	-
-	Circle	-	noun	8	-	-	-	foreign	-
-	Citizen	-	noun	6	-	-	-	foreign	-
-	City	-	noun	1	-	front	y	foreign	-
-	Clan	-	noun	6	-	-	-	foreign	-
-	Class	-	noun	5	-	-	-	foreign	-
-	Classic	-	noun	5	-	-	-	foreign	-
-	Clean	-	noun	5	-	-	-	foreign	-
-	Cleantech	-	noun	5	-	-	-	foreign	-
-	Clear	-	noun	5	-	-	-	foreign	-
-	Client	-	noun	5	-	-	-	foreign	-
-	Club	-	noun	5	-	-	-	foreign	-
-	Co.	-	noun	XX	-	-	-	foreign|abbr	-
-	Coalition	-	noun	5	-	-	-	foreign	-
-	Cock	-	noun	5	-	-	-	foreign	-
-	Code	-	noun	8	-	-	-	foreign	-
-	Coin	-	noun	5	-	-	-	foreign	-
-	College	-	noun	2	-	back	e	foreign	-
-	Comics	-	noun	5	-	-	-	foreign	-
-	Comission	-	noun	5	-	-	-	foreign|nstd	-
-	Commission	-	noun	5	-	-	-	foreign	-
-	Commodore	-	noun	8	-	-	-	foreign	-
-	Company	-	noun	2	-	-	-	foreign	-
-	Compass	-	noun	5	-	-	-	foreign	-
-	Computer	-	noun	6	-	-	-	foreign	-
-	Cone	-	noun	8	-	-	-	foreign	-
-	Conference	-	noun	8	-	-	-	foreign	-
-	Congress	-	noun	5	-	-	-	foreign	-
-	Continental	-	noun	6	-	-	-	foreign	-
-	Convention	-	noun	5	-	-	-	foreign	-
-	Copy	-	noun	1	-	front|back	y	foreign	-
-	Corporation	-	noun	5	-	-	-	foreign	-
-	Council	-	noun	5	-	-	-	foreign	-
-	Country	-	noun	1	-	front|back	y	foreign	-
-	Court	-	noun	5	-	-	-	foreign	-
-	Cream	-	noun	5	-	-	-	foreign	-
-	Credit	-	noun	5	-	-	-	foreign	-
-	Crimson	-	noun	6	-	-	-	foreign	-
-	Crown	-	noun	5	-	-	-	foreign	-
-	Crystal	-	noun	6	-	-	-	foreign	-
-	Crème	-	noun	8	-	-	-	foreign	-
-	Cube	-	noun	8	-	-	-	foreign	-
-	Culture	-	noun	8	-	-	-	foreign	-
-	Cut	-	noun	5	-	-	-	foreign	-
-	Cyan	-	noun	6	-	-	-	foreign	-
-	Daddy	-	noun	1	-	-	-	foreign	-
-	Daily	-	noun	1	-	-	-	foreign	-
-	Dance	-	noun	8	-	-	-	foreign	-
-	Dark	-	noun	5	-	-	-	foreign	-
-	Day	-	noun	21	-	-	i|y	foreign	-
-	Dead	-	noun	5	-	-	-	foreign	-
-	Death	-	noun	5	-	-	-	foreign	-
-	Decade	-	noun	8	-	-	-	foreign	-
-	Deep	-	noun	5	-	-	-	foreign	-
-	Delete	-	noun	8	-	-	-	foreign	-
-	Deluxe	-	noun	8	-	-	-	foreign	-
-	Democratic	-	noun	5	-	-	-	foreign	-
-	Demon	-	noun	6	-	-	-	foreign	-
-	Denmark	-	noun	5	-	-	-	foreign	-
-	Department	-	noun	5	-	-	-	foreign	-
-	Desk	-	noun	5	-	-	-	foreign	-
-	Desktop	-	noun	5	-	-	-	foreign	-
-	Deutsch	-	noun	5	-	-	-	foreign	-
-	Deutsche	-	noun	8	-	-	-	foreign	-
-	Deutschland	-	noun	5	-	-	-	foreign	-
-	Developer	-	noun	6	-	-	-	foreign	-
-	Devils	-	noun	5	-	-	-	foreign	-
-	Diamond	-	noun	5	-	-	-	foreign	-
-	Dictionary	-	noun	1	-	-	-	foreign	-
-	Dinamo	-	noun	2	-	-	-	foreign	-
-	Director	-	noun	6	-	-	-	foreign	-
-	Disc	-	noun	5	-	-	-	foreign	-
-	Disk	-	noun	5	-	-	-	foreign	-
-	District	-	noun	5	-	-	-	foreign	-
-	Divison	-	noun	6	-	-	-	foreign	-
-	Dnevnik	-	noun	5	-	-	-	foreign	-
-	Dog	-	noun	5	-	-	-	foreign	-
-	Dogs	-	noun	5	-	-	-	foreign	-
-	Dollar	-	noun	6	-	-	-	foreign	-
-	Domestic	-	noun	5	-	-	-	foreign	-
-	Door	-	noun	5	-	-	-	foreign	-
-	Down	-	noun	5	-	-	-	foreign	-
-	Drag	-	noun	5	-	-	-	foreign	-
-	Dragon	-	noun	6	-	-	-	foreign	-
-	Dragons	-	noun	5	-	-	-	foreign	-
-	Dream	-	noun	5	-	-	-	foreign	-
-	Dreams	-	noun	5	-	-	-	foreign	-
-	Drink	-	noun	5	-	-	-	foreign	-
-	Duck	-	noun	5	-	-	-	foreign	-
-	Ducks	-	noun	5	-	-	-	foreign	-
-	Dukkah	-	noun	22|5	-	-	-	foreign	-
-	Dungeon	-	noun	6	-	-	-	foreign	-
-	Dungeons	-	noun	5	-	-	-	foreign	-
-	Ear	-	noun	5	-	-	-	foreign	-
-	Early	-	noun	1	-	-	-	foreign	-
-	Earth	-	noun	5	-	-	-	foreign	-
-	East	-	noun	5	-	-	-	foreign	-
-	Eastern	-	noun	5	-	-	-	foreign	-
-	Economic	-	noun	5	-	-	-	foreign	-
-	Edition	-	noun	5	-	-	-	foreign	-
-	Education	-	noun	5	-	-	-	foreign	-
-	Eight	-	noun	5	-	-	-	foreign	-
-	Eighth	-	noun	5	-	-	-	foreign	-
-	Election	-	noun	5	-	-	-	foreign	-
-	Electric	-	noun	5	-	-	-	foreign	-
-	Electricity	-	noun	1	-	-	-	foreign	-
-	Electron	-	noun	6	-	-	-	foreign	-
-	Eleven	-	noun	6	-	-	-	foreign	-
-	Else	-	noun	8	-	-	-	foreign	-
-	Emerald	-	noun	5	-	-	-	foreign	-
-	Empire	-	noun	8	-	front	e	foreign	-
-	Empty	-	noun	1	-	-	-	foreign	-
-	Encyclopedia	-	noun	12	-	-	-	foreign	-
-	Encyclopædia	-	noun	12	-	-	-	foreign	-
-	Energy	-	noun	2	-	-	-	foreign	-
-	England	-	noun	5	-	-	-	foreign	-
-	English	-	noun	5	-	-	-	foreign	-
-	Enter	-	noun	6	-	-	-	foreign	-
-	Entertainment	-	noun	5	-	-	-	foreign	-
-	Epic	-	noun	5	-	-	-	foreign	-
-	Episode	-	noun	8	-	-	-	foreign	-
-	Escort	-	noun	5	-	-	-	foreign	-
-	Esport	-	noun	5	-	-	-	foreign	-
-	Euphoria	-	noun	12	-	-	-	foreign	-
-	Europe	-	noun	8	-	-	-	foreign	-
-	European	-	noun	5	-	-	-	foreign	-
-	Even	-	noun	6	-	-	-	foreign	-
-	Events	-	noun	5	-	-	-	foreign	-
-	Every	-	noun	2	-	-	-	foreign	-
-	Evolution	-	noun	5	-	-	-	foreign	-
-	Exhibition	-	noun	5	-	-	-	foreign	-
-	Exit	-	noun	5	-	-	-	foreign	-
-	Experience	-	noun	8	-	-	-	foreign	-
-	Expo	-	noun	1	-	-	-	foreign	-
-	Eye	-	noun	8	-	-	-	foreign	-
-	Fairytale	-	noun	8	-	-	-	foreign	-
-	False	-	noun	8	-	-	-	foreign	-
-	Family	-	noun	1	-	-	-	foreign	-
-	Fan	-	noun	5	-	back	a	foreign	-
-	Fantasy	-	noun	2	-	-	-	foreign	-
-	Fashion	-	noun	5	-	-	-	foreign	-
-	Federal	-	noun	5	-	-	-	foreign	-
-	Federation	-	noun	5	-	-	-	foreign	-
-	Festival	-	noun	6	-	-	-	foreign	-
-	Fiction	-	noun	5	-	-	-	foreign	-
-	Field	-	noun	5	-	-	-	foreign	-
-	Fields	-	noun	5	-	-	-	foreign	-
-	Fifth	-	noun	5	-	-	-	foreign	-
-	Film	-	noun	5	-	-	-	foreign	-
-	Financial	-	noun	5	-	-	-	foreign	-
-	Finland	-	noun	5	-	-	-	foreign	-
-	Finnish	-	noun	5	-	-	-	foreign	-
-	Fire	-	noun	8	-	-	-	foreign	-
-	Fires	-	noun	5	-	-	-	foreign	-
-	First	-	noun	5	-	-	-	foreign	-
-	Fish	-	noun	5	-	-	-	foreign	-
-	Fit	-	noun	5	-	-	-	foreign	-
-	Five	-	noun	8	-	-	-	foreign	-
-	Flow	-	noun	22|†5	-	-	-	foreign	-
-	Food	-	noun	5	-	-	-	foreign	-
-	Foot	-	noun	5	-	-	-	foreign	-
-	Football	-	noun	5	-	-	-	foreign	-
-	Force	-	noun	8	-	-	-	foreign	-
-	Forces	-	noun	5	-	-	-	foreign	-
-	Foreign	-	noun	5	-	-	-	foreign	-
-	Forest	-	noun	5	-	-	-	foreign	-
-	Fork	-	noun	5	-	-	-	foreign	-
-	Fort	-	noun	5	-	-	-	foreign	-
-	Forum	-	noun	6	-	-	-	foreign	-
-	Foundation	-	noun	5	-	-	-	foreign	-
-	Four	-	noun	5	-	-	-	foreign	-
-	Fourth	-	noun	5	-	-	-	foreign	-
-	France	-	noun	8	-	-	-	foreign	-
-	Free	-	noun	17	-	-	-	foreign	-
-	Freedom	-	noun	5	-	-	-	foreign	-
-	Freemium	-	noun	5	-	-	-	foreign	-
-	French	-	noun	5	-	-	-	foreign	-
-	Friday	-	noun	21	-	-	i|y	foreign	-
-	Friend	-	noun	5	-	-	-	foreign	-
-	Front	-	noun	5	-	-	-	foreign	-
-	Frontier	-	noun	5	-	-	-	foreign	-
-	Fruit	-	noun	5	-	-	-	foreign	-
-	Fuck	-	noun	5	-	-	-	foreign	-
-	Full	-	noun	5	-	-	-	foreign	-
-	Fun	-	noun	5	-	-	-	foreign	-
-	Fund	-	noun	5	-	-	-	foreign	-
-	Future	-	noun	8	-	-	-	foreign	-
-	Game	-	noun	8	-	-	-	foreign	-
-	Gamer	-	noun	6	-	-	-	foreign	-
-	Games	-	noun	5	-	-	-	foreign	-
-	Garden	-	noun	6	-	-	-	foreign	-
-	Gate	-	noun	8	-	-	-	foreign	-
-	Gazeta	-	noun	9	-	-	-	foreign	-
-	Gender	-	noun	6	-	-	-	foreign	-
-	General	-	noun	6	-	-	-	foreign	-
-	German	-	noun	6	-	-	-	foreign	-
-	Germany	-	noun	2	-	-	-	foreign	-
-	Ginger	-	noun	6	-	-	-	foreign	-
-	Girl	-	noun	5	-	-	-	foreign	-
-	Girls	-	noun	5	-	-	-	foreign	-
-	Global	-	noun	6	-	-	-	foreign	-
-	Globe	-	noun	8	-	-	-	foreign	-
-	Go	-	noun	21	-	-	-	foreign	-
-	God	-	noun	5	-	-	-	foreign	-
-	Gold	-	noun	5	-	-	-	foreign	-
-	Golden	-	noun	6	-	-	-	foreign	-
-	Grain	-	noun	5	-	-	-	foreign	-
-	Gran	-	noun	6	-	-	-	foreign	-
-	Grand	-	noun	5	-	-	-	foreign	-
-	Grande	-	noun	8	-	-	-	foreign	-
-	Gray	-	noun	21	-	front|back	i|y	foreign	-
-	Great	-	noun	5	-	-	-	foreign	-
-	Greek	-	noun	5	-	-	-	foreign	-
-	Green	-	noun	5	-	-	-	foreign	-
-	Grey	-	noun	21	-	-	i|y	foreign	-
-	Group	-	noun	5	-	-	-	foreign	-
-	Groß	-	noun	5	-	-	-	foreign	-
-	Guide	-	noun	8	-	-	-	foreign	-
-	Gun	-	noun	5	-	-	-	foreign	-
-	Hair	-	noun	5	-	-	-	foreign	-
-	Hand	-	noun	5	-	-	-	foreign	-
-	Hard	-	noun	5	-	-	-	foreign	-
-	Hardcore	-	noun	8	-	-	-	foreign	-
-	Hardware	-	noun	8	-	-	-	foreign	-
-	Harmony	-	noun	2	-	-	-	foreign	-
-	Haus	-	noun	5	-	-	-	foreign	-
-	Hawk	-	noun	5	-	-	-	foreign	-
-	Health	-	noun	5	-	-	-	foreign	-
-	Hell	-	noun	5	-	-	-	foreign	-
-	Hello	-	noun	1	-	-	-	foreign	-
-	Here	-	noun	8	-	-	-	foreign	-
-	Hero	-	noun	1	-	-	-	foreign	-
-	Heroes	-	noun	5	-	-	-	foreign	-
-	Hidden	-	noun	6	-	-	-	foreign	-
-	High	-	noun	5	-	-	-	foreign	-
-	Hill	-	noun	5	-	-	-	foreign	-
-	History	-	noun	1	-	-	-	foreign	-
-	Hockey	-	noun	21	-	-	i|y	foreign	-
-	Holiday	-	noun	21	-	-	i|y	foreign	-
-	Home	-	noun	8	-	-	-	foreign	-
-	Honey	-	noun	21	-	-	i|y	foreign	-
-	Hope	-	noun	8	-	-	-	foreign	-
-	Hot	-	noun	5	-	-	-	foreign	-
-	Hotel	-	noun	6	-	-	-	foreign	-
-	Hotels	-	noun	5	-	-	-	foreign	-
-	Hour	-	noun	5	-	-	-	foreign	-
-	House	-	noun	8	-	back	e	foreign	-
-	Hub	-	noun	5	-	-	-	foreign	-
-	Human	-	noun	6	-	-	-	foreign	-
-	Hundred	-	noun	5	-	-	-	foreign	-
-	Hurricane	-	noun	8	-	-	-	foreign	-
-	Hurricanes	-	noun	5	-	-	-	foreign	-
-	Hut	-	noun	5	-	-	-	foreign	-
-	Hydrogen	-	noun	6	-	-	-	foreign	-
-	Ice	-	noun	8	-	-	-	foreign	-
-	Inc.	-	noun	XX	-	-	-	abbr|foreign	-
-	Independent	-	noun	5	-	-	-	foreign	-
-	Index	-	noun	5	-	-	-	foreign	-
-	India	-	noun	12	-	-	-	foreign	-
-	Indian	-	noun	5	-	-	-	foreign	-
-	Indians	-	noun	5	-	-	-	foreign	-
-	Initiative	-	noun	8	-	-	-	foreign	-
-	Inn	-	noun	5	-	-	-	foreign	-
-	Inside	-	noun	8	-	-	-	foreign	-
-	Institute	-	noun	8	-	-	-	foreign	-
-	International	-	noun	6	-	-	-	foreign	-
-	Intervention	-	noun	5	-	-	-	foreign	-
-	Introduction	-	noun	5	-	-	-	foreign	-
-	Ireland	-	noun	5	-	-	-	foreign	-
-	Iron	-	noun	6	-	-	-	foreign	-
-	Islamic	-	noun	5	-	-	-	foreign	-
-	Island	-	noun	5	-	-	-	foreign	-
-	Islanders	-	noun	5	-	-	-	foreign	-
-	It	-	noun	5	-	-	-	foreign	-
-	Italy	-	noun	1	-	-	-	foreign	-
-	Item	-	noun	5	-	-	-	foreign	-
-	Japan	-	noun	6	-	-	-	foreign	-
-	Jet	-	noun	5	-	-	-	foreign	-
-	Jets	-	noun	5	-	-	-	foreign	-
-	Jewish	-	noun	5	-	-	-	foreign	-
-	Joker	-	noun	?6	-	-	-	foreign	-
-	Journal	-	noun	6	-	-	-	foreign	-
-	Juice	-	noun	8	-	-	-	foreign	-
-	Julmust	-	noun	5	-	-	-	foreign	-
-	Jump	-	noun	5	-	-	-	foreign	-
-	Junk	-	noun	5	-	-	-	foreign	-
-	Justice	-	noun	8	-	-	-	foreign	-
-	Kin	-	noun	5	-	-	-	foreign	-
-	King	-	noun	5	-	-	-	foreign	-
-	Kingdom	-	noun	5	-	-	-	foreign	-
-	Kings	-	noun	5	-	-	-	foreign	-
-	Knife	-	noun	8	-	-	-	foreign	-
-	Koran	-	noun	6	-	-	-	foreign	-
-	Lab	-	noun	5	-	-	-	foreign	-
-	Lag	-	noun	5	-	-	-	foreign	-
-	Lake	-	noun	8	-	-	-	foreign	-
-	Language	-	noun	8	-	-	-	foreign	-
-	Lapland	-	noun	5	-	-	-	foreign	-
-	Law	-	noun	5	-	-	-	foreign	-
-	Leaf	-	noun	5	-	-	-	foreign	-
-	League	-	noun	8	-	-	-	foreign	-
-	Lean	-	noun	5	-	-	-	foreign	-
-	Left	-	noun	5	-	-	-	foreign	-
-	Legacy	-	noun	1	-	-	-	foreign	-
-	Legal	-	noun	6	-	-	-	foreign	-
-	Lens	-	noun	5	-	-	-	foreign	-
-	Lesson	-	noun	6	-	-	-	foreign	-
-	Library	-	noun	1	-	-	-	foreign	-
-	Life	-	noun	8	-	-	-	foreign	-
-	Liga	-	noun	9	-	-	-	foreign	-
-	Light	-	noun	5	-	-	-	foreign	-
-	Lightning	-	noun	5	-	-	-	foreign	-
-	Lights	-	noun	5	-	-	-	foreign	-
-	Like	-	noun	8	-	-	-	foreign	-
-	Limit	-	noun	5	-	-	-	foreign	-
-	Limited	-	noun	5	-	-	-	foreign	-
-	Lion	-	noun	5	-	-	-	foreign	-
-	Little	-	noun	8	-	-	-	foreign	-
-	Live	-	noun	8	-	-	-	foreign	-
-	Loan	-	noun	5	-	-	-	foreign	-
-	Logic	-	noun	5	-	-	-	foreign	-
-	Login	-	noun	5	-	-	-	foreign	-
-	Logistics	-	noun	5	-	-	-	foreign	-
-	London	-	noun	6	-	-	-	foreign	-
-	Long	-	noun	5	-	-	-	foreign	-
-	Love	-	noun	8	-	-	-	foreign	-
-	Ltd.	-	noun	XX	-	-	-	abbr|foreign	-
-	Lugn	-	noun	5	-	-	-	foreign	-
-	Lunar	-	noun	6	-	-	-	foreign	-
-	Lunch	-	noun	5	-	-	-	foreign	-
-	Lögn	-	noun	5	-	-	-	foreign	-
-	Machine	-	noun	8	-	-	-	foreign	-
-	Magasin	-	noun	5	-	-	-	foreign	-
-	Maiden	-	noun	6	-	-	-	foreign	-
-	Mail	-	noun	5	-	-	-	foreign	-
-	Main	-	noun	5	-	-	-	foreign	-
-	Man	-	noun	5	-	-	-	foreign	-
-	Management	-	noun	5	-	-	-	foreign	-
-	Manager	-	noun	6	-	-	-	foreign	-
-	Mansion	-	noun	6	-	-	-	foreign	-
-	Mariehamn	-	noun	5	-	-	-	foreign	-
-	Market	-	noun	5	-	-	-	foreign	-
-	Massage	-	noun	8	-	-	-	foreign	-
-	Master	-	noun	6	-	-	-	foreign	-
-	Masters	-	noun	5	-	-	-	foreign	-
-	Math	-	noun	5	-	-	-	foreign	-
-	Mathematics	-	noun	5	-	-	-	foreign	-
-	Meat	-	noun	5	-	-	-	foreign	-
-	Mechanics	-	noun	5	-	-	-	foreign	-
-	Media	-	noun	12	-	-	-	foreign	-
-	Melodies	-	noun	5	-	-	-	foreign	-
-	Melody	-	noun	2	-	-	-	foreign	-
-	Memorial	-	noun	5	-	-	-	foreign	-
-	Memory	-	noun	1	-	-	-	foreign	-
-	Men	-	noun	5	-	-	-	foreign	-
-	Metal	-	noun	6	-	-	-	foreign	-
-	Metaphysics	-	noun	5	-	-	-	foreign	-
-	Microsystems	-	noun	5	-	-	-	foreign	-
-	Middle	-	noun	8	-	-	-	foreign	-
-	Millennium	-	noun	5	-	back	u	foreign	-
-	Million	-	noun	6	-	-	-	foreign	-
-	Minute	-	noun	8	-	-	-	foreign	-
-	Miss	-	noun	!	-	-	-	foreign	-
-	Mission	-	noun	6	-	-	-	foreign	-
-	Modern	-	noun	5	-	-	-	foreign	-
-	Monday	-	noun	21	-	-	i|y	foreign	-
-	Monitor	-	noun	6	-	-	-	foreign	-
-	Monster	-	noun	6	-	-	-	foreign	-
-	Monsters	-	noun	5	-	-	-	foreign	-
-	Monte	-	noun	8	-	-	-	foreign	-
-	Month	-	noun	5	-	-	-	foreign	-
-	Moomin	-	noun	5	-	-	-	foreign	-
-	Moon	-	noun	5	-	-	-	foreign	-
-	More	-	noun	8	-	-	-	foreign	-
-	Moscow	-	noun	22|5	-	-	-	foreign	-
-	Motel	-	noun	?6	-	-	-	foreign	-
-	Motor	-	noun	6	-	-	-	foreign	-
-	Motors	-	noun	5	-	-	-	foreign	-
-	Mount	-	noun	5	-	-	-	foreign	-
-	Mountain	-	noun	5	-	-	-	foreign	-
-	Mouth	-	noun	5	-	-	-	foreign	-
-	Movement	-	noun	5	-	-	-	foreign	-
-	Mt.	-	noun	!	-	-	-	foreign	-
-	Murder	-	noun	6	-	-	-	foreign	-
-	Museum	-	noun	5	-	-	-	foreign	-
-	Music	-	noun	5	-	-	-	foreign	-
-	Muslim	-	noun	5	-	-	-	foreign	-
-	Mysteries	-	noun	5	-	-	-	foreign	-
-	Mystery	-	noun	1	-	-	-	foreign	-
-	Nacional	-	noun	6	-	-	-	foreign	-
-	Nail	-	noun	5	-	-	-	foreign	-
-	Nails	-	noun	5	-	-	-	foreign	-
-	Name	-	noun	8	-	-	-	foreign	-
-	Nation	-	noun	6	-	-	-	foreign	-
-	National	-	noun	5	-	-	-	foreign	-
-	Nature	-	noun	8	-	-	-	foreign	-
-	Network	-	noun	5	-	-	-	foreign	-
-	Neutron	-	noun	6	-	-	-	foreign	-
-	New	-	noun	22|†5	-	-	-	foreign	-
-	New	-	noun	5	-	-	-	foreign	-
-	News	-	noun	5	-	-	-	foreign	-
-	Next	-	noun	5	-	-	-	foreign	-
-	Night	-	noun	5	-	-	-	foreign	-
-	Nine	-	noun	8	-	-	-	foreign	-
-	Ninth	-	noun	5	-	-	-	foreign	-
-	Noir	-	noun	5	-	-	-	foreign	-
-	None	-	noun	8	-	-	-	foreign	-
-	Nord	-	noun	5	-	-	-	foreign	-
-	Nordic	-	noun	5	-	-	-	foreign	-
-	North	-	noun	5	-	-	-	foreign	-
-	Northern	-	noun	5	-	-	-	foreign	-
-	Norway	-	noun	21	-	-	i|y	foreign	-
-	Novosti	-	noun	5	-	-	-	foreign	-
-	Nyheter	-	noun	6	-	-	-	foreign	-
-	OS	-	noun	10B	-	-	-	foreign	-
-	Object	-	noun	5	-	-	-	foreign	-
-	Ocean	-	noun	5	-	-	-	foreign	-
-	Office	-	noun	8	-	-	-	foreign	-
-	Oil	-	noun	5	-	-	-	foreign	-
-	Old	-	noun	5	-	-	-	foreign	-
-	Olympics	-	noun	5	-	-	-	foreign	-
-	One	-	noun	8	-	-	-	foreign	-
-	Online	-	noun	8	-	-	-	foreign	-
-	Open	-	noun	6	-	-	-	foreign	-
-	Opinion	-	noun	5	-	-	-	foreign	-
-	Orchestra	-	noun	10|12	-	-	-	foreign	-
-	Order	-	noun	?6	-	-	-	foreign	-
-	Organic	-	noun	5	-	-	-	foreign	-
-	Organisation	-	noun	5	-	-	-	foreign	-
-	Organization	-	noun	5	-	-	-	foreign	-
-	Original	-	noun	6	-	-	-	foreign	-
-	Origins	-	noun	5	-	-	-	foreign	-
-	Other	-	noun	6	-	-	-	foreign	-
-	Our	-	noun	5	-	-	-	foreign	-
-	Over	-	noun	6	-	-	-	foreign	-
-	Oxygen	-	noun	6	-	-	-	foreign	-
-	Pacific	-	noun	5	-	-	-	foreign	-
-	Pagan	-	noun	6	-	-	-	foreign	-
-	Page	-	noun	8	-	-	-	foreign	-
-	Pages	-	noun	5	-	-	-	foreign	-
-	Pain	-	noun	5	-	-	-	foreign	-
-	Palace	-	noun	8	-	-	-	foreign	-
-	Pan	-	noun	5	-	-	-	foreign	-
-	Panthers	-	noun	5	-	-	-	foreign	-
-	Paradise	-	noun	8	-	-	-	foreign	-
-	Paris	-	noun	5	-	-	-	foreign	-
-	Park	-	noun	5	-	-	-	foreign	-
-	Party	-	noun	1	-	front|back	y	foreign	-
-	Passion	-	noun	5	-	-	-	foreign	-
-	Paste	-	noun	8	-	-	-	foreign	-
-	Pearl	-	noun	5	-	-	-	foreign	-
-	Pen	-	noun	5	-	-	-	foreign	-
-	Penguins	-	noun	5	-	-	-	foreign	-
-	Penny	-	noun	1	-	front	y	foreign	-
-	People	-	noun	8	-	-	-	foreign	-
-	Person	-	noun	6	-	-	-	foreign	-
-	Personal	-	noun	6	-	-	-	foreign	-
-	Pet	-	noun	5	-	-	-	foreign	-
-	Petition	-	noun	5	-	-	-	foreign	-
-	Philosophy	-	noun	1	-	-	-	foreign	-
-	Phone	-	noun	8	-	-	-	foreign	-
-	Photon	-	noun	6	-	-	-	foreign	-
-	Physics	-	noun	5	-	-	-	foreign	-
-	Pin	-	noun	5	-	-	-	foreign	-
-	Pistol	-	noun	6	-	-	-	foreign	-
-	Plain	-	noun	5	-	-	-	foreign	-
-	Plan	-	noun	6	-	-	-	foreign	-
-	Plane	-	noun	8	-	-	-	foreign	-
-	Planet	-	noun	5	-	-	-	foreign	-
-	Plant	-	noun	5	-	-	-	foreign	-
-	Platinum	-	noun	5	-	-	-	foreign	-
-	Platoon	-	noun	5	-	-	-	foreign	-
-	Play	-	noun	21	-	-	i|y	foreign	-
-	Point	-	noun	5	-	-	-	foreign	-
-	Poison	-	noun	6	-	-	-	foreign	-
-	Polar	-	noun	6	-	-	-	foreign	-
-	Political	-	noun	5	-	-	-	foreign	-
-	Pont	-	noun	5	-	-	-	foreign	-
-	Ponte	-	noun	8	-	-	-	foreign	-
-	Port	-	noun	5	-	-	-	foreign	-
-	Portal	-	noun	6	-	-	-	foreign	-
-	Portugal	-	noun	6	-	-	-	foreign	-
-	Post	-	noun	5	-	-	-	foreign	-
-	Potato	-	noun	2	-	-	-	foreign	-
-	Pound	-	noun	5	-	-	-	foreign	-
-	Power	-	noun	6	-	-	-	foreign	-
-	Predators	-	noun	5	-	-	-	foreign	-
-	Premium	-	noun	5	-	-	-	foreign	-
-	Press	-	noun	5	-	-	-	foreign	-
-	Pride	-	noun	8	-	front|back	-	foreign	-
-	Priest	-	noun	5	-	-	-	foreign	-
-	Prince	-	noun	8	-	-	-	foreign	-
-	Princess	-	noun	5	-	-	-	foreign	-
-	Prix	-	noun	22|†5	-	-	-	foreign	-
-	Prize	-	noun	8	-	-	-	foreign	-
-	Pro	-	noun	21	-	-	-	foreign	-
-	Problem	-	noun	5	-	-	-	foreign	-
-	Productions	-	noun	5	-	-	-	foreign	-
-	Profile	-	noun	8	-	-	-	foreign	-
-	Project	-	noun	5	-	-	-	foreign	-
-	Proton	-	noun	6	-	-	-	foreign	-
-	Pub	-	noun	5	-	-	-	foreign	-
-	Public	-	noun	5	-	-	-	foreign	-
-	Publications	-	noun	5	-	-	-	foreign	-
-	Publishers	-	noun	5	-	-	-	foreign	-
-	Publishing	-	noun	5	-	-	-	foreign	-
-	Puerto	-	noun	1	rt:rr	-	-	foreign	-
-	Pure	-	noun	8	-	-	-	foreign	-
-	Purple	-	noun	8	-	-	-	foreign	-
-	Pussy	-	noun	1	-	-	-	foreign	-
-	Python	-	noun	6	-	-	-	foreign	-
-	Quantum	-	noun	6	-	-	-	foreign	-
-	Quarter	-	noun	6	-	-	-	foreign	-
-	Queen	-	noun	5	-	-	-	foreign	-
-	Quest	-	noun	5	-	-	-	foreign	-
-	Quit	-	noun	5	-	-	-	foreign	-
-	Race	-	noun	8	-	-	-	foreign	-
-	Racing	-	noun	5	-	-	-	foreign	-
-	Railroad	-	noun	5	-	-	-	foreign	-
-	Rainforest	-	noun	5	-	-	-	foreign	-
-	Rajah	-	noun	5|22	-	-	-	foreign	-
-	Ranch	-	noun	5	-	-	-	foreign	-
-	Range	-	noun	8	-	-	-	foreign	-
-	Rangers	-	noun	5	-	-	-	foreign	-
-	Rapid	-	noun	5	-	-	-	foreign	-
-	Rat	-	noun	5	-	-	-	foreign	-
-	Ratio	-	noun	3	-	-	-	foreign	-
-	Ration	-	noun	6	-	-	-	foreign	-
-	Rats	-	noun	5	-	-	-	foreign	-
-	Read	-	noun	5	-	-	-	foreign	-
-	Real	-	noun	5	-	-	-	foreign	-
-	Reason	-	noun	6	-	-	-	foreign	-
-	Record	-	noun	5	-	-	-	foreign	-
-	Red	-	noun	5	-	-	-	foreign	-
-	Redux	-	noun	5	-	-	-	foreign	-
-	Religion	-	noun	5	-	-	-	foreign	-
-	Remake	-	noun	8	-	-	-	foreign	-
-	Remix	-	noun	5	-	-	-	foreign	-
-	Report	-	noun	5	-	-	-	foreign	-
-	Reporter	-	noun	6	-	-	-	foreign	-
-	Republic	-	noun	5	-	-	-	foreign	-
-	Republika	-	noun	13	-	-	-	foreign	-
-	República	-	noun	13	-	-	-	foreign	-
-	Requiem	-	noun	5	-	back	e	foreign	-
-	Research	-	noun	5	-	-	-	foreign	-
-	Respublika	-	noun	14	-	-	-	foreign	-
-	Return	-	noun	5	-	-	-	foreign	-
-	Rhythm	-	noun	5	-	-	-	foreign	-
-	Rice	-	noun	8	-	-	-	foreign	-
-	Rifle	-	noun	8	-	-	-	foreign	-
-	Right	-	noun	5	-	-	-	foreign	-
-	Rights	-	noun	5	-	-	-	foreign	-
-	River	-	noun	6	-	-	-	foreign	-
-	Road	-	noun	5	-	-	-	foreign	-
-	Rock	-	noun	5	-	back	o	foreign	-
-	Rocks	-	noun	5	-	-	-	foreign	-
-	Roll	-	noun	5	-	-	-	foreign	-
-	Roma	-	noun	10	-	-	-	foreign	-
-	Roman	-	noun	6	-	-	-	foreign	-
-	Room	-	noun	5	-	-	-	foreign	-
-	Roses	-	noun	5	-	-	-	foreign	-
-	Royal	-	noun	6	-	-	-	foreign	-
-	Ruby	-	noun	1	-	-	-	foreign	-
-	Run	-	noun	5	-	-	-	foreign	-
-	Rural	-	noun	6	-	-	-	foreign	-
-	Russia	-	noun	12	-	-	-	foreign	-
-	Russian	-	noun	6	-	-	-	foreign	-
-	Sabbath	-	noun	5	-	-	-	foreign	-
-	Sabres	-	noun	5	-	-	-	foreign	-
-	Safety	-	noun	1	-	-	-	foreign	-
-	Saffron	-	noun	6	-	-	-	foreign	-
-	Saint	-	noun	5	-	-	-	foreign	-
-	Salon	-	noun	!	-	-	-	foreign	-
-	Sapphire	-	noun	8	-	-	-	foreign	-
-	Satellite	-	noun	8	-	-	-	foreign	-
-	Satin	-	noun	5	-	-	-	foreign	-
-	Saturday	-	noun	21	-	-	i|y	foreign	-
-	Scandinavia	-	noun	12	-	-	-	foreign	-
-	Scandinavian	-	noun	5	-	-	-	foreign	-
-	School	-	noun	5	-	-	-	foreign	-
-	Science	-	noun	8	-	-	-	foreign	-
-	Scientific	-	noun	5	-	-	-	foreign	-
-	Sea	-	noun	9	-	-	-	foreign	-
-	Second	-	noun	5	-	-	-	foreign	-
-	Secret	-	noun	5	-	-	-	foreign	-
-	Security	-	noun	1	-	-	-	foreign	-
-	Seen	-	noun	5	-	-	-	foreign	-
-	Serie	-	noun	8|21	-	-	-	foreign	-
-	Server	-	noun	6	-	-	-	foreign	-
-	Service	-	noun	8	-	-	-	foreign	-
-	Services	-	noun	5	-	-	-	foreign	-
-	Seven	-	noun	6	-	-	-	foreign	-
-	Seventh	-	noun	5	-	-	-	foreign	-
-	Sex	-	noun	5	-	-	-	foreign	-
-	Shadow	-	noun	5	-	-	-	foreign	-
-	Shadows	-	noun	5	-	-	-	foreign	-
-	Shimbun	-	noun	6	-	-	-	foreign	-
-	Shinbun	-	noun	6	-	-	-	foreign	-
-	Shit	-	noun	5	-	-	-	foreign	-
-	Shop	-	noun	5	-	back	o	foreign	-
-	Sierra	-	noun	9	-	-	-	foreign	-
-	Sign	-	noun	5	-	-	-	foreign	-
-	Silicon	-	noun	6	-	-	-	foreign	-
-	Silver	-	noun	6	-	-	-	foreign	-
-	Simulator	-	noun	6	-	-	-	foreign	-
-	Sin	-	noun	5	-	-	-	foreign	-
-	Sir	-	noun	5	-	-	-	foreign	-
-	Sisters	-	noun	6	-	-	-	foreign	-
-	Six	-	noun	5	-	-	-	foreign	-
-	Sixteen	-	noun	5	-	-	-	foreign	-
-	Sixth	-	noun	5	-	-	-	foreign	-
-	Ski	-	noun	18	-	-	-	foreign	-
-	Skin	-	noun	5	-	-	-	foreign	-
-	Sky	-	noun	21	-	-	y	foreign	-
-	Slam	-	noun	5	-	-	-	foreign	-
-	Smart	-	noun	5	-	-	-	foreign	-
-	Smash	-	noun	5	-	-	-	foreign	-
-	Social	-	noun	5	-	-	-	foreign	-
-	Sociedad	-	noun	5	-	-	-	foreign	-
-	Society	-	noun	2	-	-	-	foreign	-
-	Software	-	noun	8	-	-	-	foreign	-
-	Solar	-	noun	6	-	-	-	foreign	-
-	Solutions	-	noun	5	-	-	-	foreign	-
-	Something	-	noun	5	-	-	-	foreign	-
-	Son	-	noun	5	-	-	-	foreign	-
-	Song	-	noun	5	-	-	-	foreign	-
-	Sons	-	noun	5	-	-	-	foreign	-
-	Sons	-	noun	5	-	-	-	foreign	-
-	Sound	-	noun	5	-	-	-	foreign	-
-	Soundtrack	-	noun	5	-	-	-	foreign	-
-	South	-	noun	5	-	-	-	foreign	-
-	Southern	-	noun	5	-	-	-	foreign	-
-	Spain	-	noun	5	-	-	-	foreign	-
-	Special	-	noun	5	-	-	-	foreign	-
-	Speed	-	noun	5	-	-	-	foreign	-
-	Sphere	-	noun	8	-	-	-	foreign	-
-	Spice	-	noun	8	-	-	-	foreign	-
-	Spirit	-	noun	5	-	-	-	foreign	-
-	Sport	-	noun	5	-	-	-	foreign	-
-	Sports	-	noun	5	-	-	-	foreign	-
-	Square	-	noun	8	-	-	-	foreign	-
-	St	-	noun	!	-	-	-	foreign	-
-	St.	-	noun	!	-	-	-	foreign	-
-	Stage	-	noun	8	-	-	-	foreign	-
-	Stand	-	noun	5	-	-	-	foreign	-
-	Star	-	noun	6	-	-	-	foreign	-
-	Stars	-	noun	5	-	-	-	foreign	-
-	Start	-	noun	5	-	-	-	foreign	-
-	State	-	noun	8	-	-	-	foreign	-
-	States	-	noun	5	-	-	-	foreign	-
-	Station	-	noun	6	-	-	-	foreign	-
-	Steelers	-	noun	5	-	-	-	foreign	-
-	Sten	-	noun	6	-	-	-	foreign	-
-	Stone	-	noun	8	-	-	-	foreign	-
-	Stora	-	noun	10	-	-	-	foreign	-
-	Store	-	noun	8	-	-	-	foreign	-
-	Stories	-	noun	5	-	-	-	foreign	-
-	Story	-	noun	1	-	-	-	foreign	-
-	Strada	-	noun	9	-	-	-	foreign	-
-	Stream	-	noun	5	-	-	-	foreign	-
-	Street	-	noun	5	-	-	-	foreign	-
-	Studies	-	noun	5	-	-	-	foreign	-
-	Studio	-	noun	5	-	-	-	foreign	-
-	Studios	-	noun	5	-	-	-	foreign	-
-	Study	-	noun	1	-	-	-	foreign	-
-	Suicide	-	noun	8	-	-	-	foreign	-
-	Suisse	-	noun	8	-	-	-	foreign	-
-	Sun	-	noun	5	-	-	-	foreign	-
-	Sunday	-	noun	21	-	-	i|y	foreign	-
-	Super	-	noun	6	-	-	-	foreign	-
-	Survey	-	noun	21	-	front|back	i|y	foreign	-
-	Svenska	-	noun	9	-	-	-	foreign	-
-	Sweden	-	noun	6	-	-	-	foreign	-
-	System	-	noun	5	-	-	-	foreign	-
-	Talk	-	noun	5	-	-	-	foreign	-
-	Tattoo	-	noun	17	-	-	-	foreign	-
-	Tavern	-	noun	5	-	-	-	foreign	-
-	Team	-	noun	5	-	-	-	foreign	-
-	Technologies	-	noun	5	-	-	-	foreign	-
-	Technology	-	noun	1	-	-	-	foreign	-
-	Teen	-	noun	5	-	-	-	foreign	-
-	Temple	-	noun	8	-	-	-	foreign	-
-	Ten	-	noun	5	-	-	-	foreign	-
-	Terra	-	noun	9	-	-	-	foreign	-
-	Text	-	noun	5	-	-	-	foreign	-
-	That	-	noun	5	-	-	-	foreign	-
-	Then	-	noun	6	-	-	-	foreign	-
-	Theology	-	noun	1	-	-	-	foreign	-
-	Theory	-	noun	1	-	-	-	foreign	-
-	There	-	noun	8	-	-	-	foreign	-
-	They	-	noun	21	-	-	i|y	foreign	-
-	Thin	-	noun	5	-	-	-	foreign	-
-	Thing	-	noun	5	-	-	-	foreign	-
-	Things	-	noun	5	-	-	-	foreign	-
-	Third	-	noun	5	-	-	-	foreign	-
-	This	-	noun	5	-	-	-	foreign	-
-	Thought	-	noun	5	-	-	-	foreign	-
-	Thousand	-	noun	5	-	-	-	foreign	-
-	Three	-	noun	17	-	-	-	foreign	-
-	Thunder	-	noun	6	-	-	-	foreign	-
-	Thursday	-	noun	21	-	-	i|y	foreign	-
-	Tile	-	noun	8	-	-	-	foreign	-
-	Times	-	noun	5	-	-	-	foreign	-
-	Titan	-	noun	6	-	-	-	foreign	-
-	Today	-	noun	21	-	-	i|y	foreign	-
-	Together	-	noun	6	-	-	-	foreign	-
-	Token	-	noun	6	-	-	-	foreign	-
-	Tomorrow	-	noun	22|5	-	-	-	foreign	-
-	Tool	-	noun	5	-	-	-	foreign	-
-	Tools	-	noun	5	-	-	-	foreign	-
-	Top	-	noun	5	-	-	-	foreign	-
-	Tour	-	noun	5	-	-	-	foreign	-
-	Town	-	noun	5	-	-	-	foreign	-
-	Toy	-	noun	21	-	-	i|y	foreign	-
-	Traffic	-	noun	5	-	-	-	foreign	-
-	Train	-	noun	5	-	-	-	foreign	-
-	Training	-	noun	5	-	-	-	foreign	-
-	Translation	-	noun	5	-	-	-	foreign	-
-	Transparency	-	noun	2	-	-	-	foreign	-
-	Transportation	-	noun	5	-	-	-	foreign	-
-	Travel	-	noun	6	-	-	-	foreign	-
-	Tree	-	noun	21	-	-	-	foreign	-
-	Triangle	-	noun	8	-	-	-	foreign	-
-	True	-	noun	8	-	-	-	foreign	-
-	Trust	-	noun	5	-	-	-	foreign	-
-	Tuesday	-	noun	21	-	-	i|y	foreign	-
-	Twin	-	noun	5	-	-	-	foreign	-
-	Two	-	noun	21	-	-	-	foreign	-
-	U.S.	-	noun	!	-	-	-	abbr|foreign	-
-	US	-	noun	?10B	-	-	-	foreign	-
-	Ukraine	-	noun	8	-	-	-	foreign	-
-	Union	-	noun	5	-	-	-	foreign	-
-	United	-	noun	5	-	-	-	foreign	-
-	Universidad	-	noun	5	-	-	-	foreign	-
-	University	-	noun	2	-	-	-	foreign	-
-	Université	-	noun	21	-	-	-	foreign	-
-	Urban	-	noun	6	-	-	-	foreign	-
-	Ursa	-	noun	10	-	-	-	foreign	-
-	Val	-	noun	!	-	-	-	foreign	-
-	Valley	-	noun	21	-	-	i|y	foreign	-
-	Vanity	-	noun	1	-	-	-	foreign	-
-	Vegetable	-	noun	8	-	-	-	foreign	-
-	Venezia	-	noun	12	-	-	-	foreign	-
-	Verde	-	noun	8	-	-	-	foreign	-
-	Verlag	-	noun	5	-	-	-	foreign	-
-	Version	-	noun	6	-	-	-	foreign	-
-	Very	-	noun	1	-	-	-	foreign	-
-	Victory	-	noun	2	-	-	-	foreign	-
-	Viking	-	noun	5	-	-	-	foreign	-
-	Village	-	noun	8	-	-	-	foreign	-
-	Virus	-	noun	5	-	-	-	foreign	-
-	Vision	-	noun	5	-	-	-	foreign	-
-	Visit	-	noun	5	-	-	-	foreign	-
-	Volley	-	noun	21	-	-	i|y	foreign	-
-	Volume	-	noun	8	-	-	-	foreign	-
-	War	-	noun	5	-	-	-	foreign	-
-	Warrior	-	noun	5	-	-	-	foreign	-
-	Warriors	-	noun	5	-	-	-	foreign	-
-	Wars	-	noun	5	-	-	-	foreign	-
-	Watch	-	noun	5	-	-	-	foreign	-
-	Water	-	noun	6	-	-	-	foreign	-
-	Waters	-	noun	5	-	-	-	foreign	-
-	Wave	-	noun	8	-	-	-	foreign	-
-	Weapon	-	noun	6	-	-	-	foreign	-
-	Web	-	noun	5	-	front	e	foreign	-
-	Wednesday	-	noun	21	-	-	i|y	foreign	-
-	Week	-	noun	5	-	-	-	foreign	-
-	Weekly	-	noun	1	-	-	-	foreign	-
-	Well	-	noun	5	-	-	-	foreign	-
-	West	-	noun	5	-	-	-	foreign	-
-	Western	-	noun	5	-	front	e	foreign	-
-	What	-	noun	5	-	-	-	foreign	-
-	When	-	noun	5	-	-	-	foreign	-
-	Where	-	noun	8	-	-	-	foreign	-
-	White	-	noun	8	-	-	-	foreign	-
-	Why	-	noun	21	-	back	-	-	-
-	Wild	-	noun	5	-	-	-	foreign	-
-	Win	-	noun	5	-	-	-	foreign	-
-	Wind	-	noun	5	-	-	-	foreign	-
-	Window	-	noun	22|5	-	-	-	foreign	-
-	Winds	-	noun	5	-	-	-	foreign	-
-	Woman	-	noun	6	-	-	-	foreign	-
-	Women	-	noun	6	-	-	-	foreign	-
-	Wood	-	noun	5	-	-	-	foreign	-
-	Woods	-	noun	5	-	-	-	foreign	-
-	Work	-	noun	5	-	-	-	foreign	-
-	Working	-	noun	5	-	-	-	foreign	-
-	Works	-	noun	5	-	-	-	foreign	-
-	Workshop	-	noun	5	-	-	-	foreign	-
-	World	-	noun	5	-	-	-	foreign	-
-	Worlds	-	noun	5	-	-	-	foreign	-
-	Write	-	noun	6	-	-	-	foreign	-
-	Written	-	noun	6	-	-	-	foreign	-
-	Year	-	noun	5	-	-	-	foreign	-
-	Yellow	-	noun	5	-	-	-	foreign	-
-	You	-	noun	21	-	-	-	foreign	-
-	Zeitung	-	noun	5	-	-	-	foreign	-
-	Zero	-	noun	1	-	-	-	foreign	-
-	Zion	-	noun	5	-	-	-	foreign	-
-	anglais	-	noun	22|†5	-	-	-	foreign	-
-	anglaise	-	noun	8	-	-	-	foreign	-
-	finlandais	-	noun	22|†5	-	-	-	foreign	-
-	finlandaise	-	noun	8	-	-	-	foreign	-
-	français	-	noun	22|†5	-	-	-	foreign	-
-	française	-	noun	8	-	-	-	foreign	-
-	Åbo	-	noun	1	-	-	-	foreign	-
-	Åland	-	noun	5	-	-	-	foreign	-
-	Österbotten	-	noun	6	-	-	-	foreign	-
-	All-Stars	-	noun	5	-	-	-	foreign	-
